ID,source_id,augmentation,source_dice,dataset,diagnosis,diagnosis_id
0000071_hflip,0000071,hflip,0.5749128919860628,isic2017,unknown,0
0000071_vflip,0000071,vflip,0.5749128919860628,isic2017,unknown,0
0000071_rot90,0000071,rot90,0.5749128919860628,isic2017,unknown,0
0000071_rot270,0000071,rot270,0.5749128919860628,isic2017,unknown,0
0000071_shiftR10blur,0000071,shiftR10blur,0.5749128919860628,isic2017,unknown,0
0000091_hflip,0000091,hflip,0.5788576025744168,isic2017,unknown,0
0000091_vflip,0000091,vflip,0.5788576025744168,isic2017,unknown,0
0000091_rot90,0000091,rot90,0.5788576025744168,isic2017,unknown,0
0000091_rot270,0000091,rot270,0.5788576025744168,isic2017,unknown,0
0000091_shiftR10blur,0000091,shiftR10blur,0.5788576025744168,isic2017,unknown,0
0000096_hflip,0000096,hflip,0.6276815024047637,isic2017,unknown,0
0000096_vflip,0000096,vflip,0.6276815024047637,isic2017,unknown,0
0000096_rot90,0000096,rot90,0.6276815024047637,isic2017,unknown,0
0000096_rot270,0000096,rot270,0.6276815024047637,isic2017,unknown,0
0000096_shiftR10blur,0000096,shiftR10blur,0.6276815024047637,isic2017,unknown,0
0000098_hflip,0000098,hflip,0.5866286180187525,isic2017,unknown,0
0000098_vflip,0000098,vflip,0.5866286180187525,isic2017,unknown,0
0000098_rot90,0000098,rot90,0.5866286180187525,isic2017,unknown,0
0000098_rot270,0000098,rot270,0.5866286180187525,isic2017,unknown,0
0000098_shiftR10blur,0000098,shiftR10blur,0.5866286180187525,isic2017,unknown,0
0000123_hflip,0000123,hflip,0.6955430722290342,isic2017,unknown,0
0000123_vflip,0000123,vflip,0.6955430722290342,isic2017,unknown,0
0000123_rot90,0000123,rot90,0.6955430722290342,isic2017,unknown,0
0000123_rot270,0000123,rot270,0.6955430722290342,isic2017,unknown,0
0000123_shiftR10blur,0000123,shiftR10blur,0.6955430722290342,isic2017,unknown,0
0000317_hflip,0000317,hflip,0.6622182680901542,isic2017,unknown,0
0000317_vflip,0000317,vflip,0.6622182680901542,isic2017,unknown,0
0000317_rot90,0000317,rot90,0.6622182680901542,isic2017,unknown,0
0000317_rot270,0000317,rot270,0.6622182680901542,isic2017,unknown,0
0000317_shiftR10blur,0000317,shiftR10blur,0.6622182680901542,isic2017,unknown,0
0000323_hflip,0000323,hflip,0.6176847977684797,isic2017,unknown,0
0000323_vflip,0000323,vflip,0.6176847977684797,isic2017,unknown,0
0000323_rot90,0000323,rot90,0.6176847977684797,isic2017,unknown,0
0000323_rot270,0000323,rot270,0.6176847977684797,isic2017,unknown,0
0000323_shiftR10blur,0000323,shiftR10blur,0.6176847977684797,isic2017,unknown,0
0000345_hflip,0000345,hflip,0.5476434426229508,isic2017,unknown,0
0000345_vflip,0000345,vflip,0.5476434426229508,isic2017,unknown,0
0000345_rot90,0000345,rot90,0.5476434426229508,isic2017,unknown,0
0000345_rot270,0000345,rot270,0.5476434426229508,isic2017,unknown,0
0000345_shiftR10blur,0000345,shiftR10blur,0.5476434426229508,isic2017,unknown,0
0000520_hflip,0000520,hflip,0.6092191571569773,isic2017,unknown,0
0000520_vflip,0000520,vflip,0.6092191571569773,isic2017,unknown,0
0000520_rot90,0000520,rot90,0.6092191571569773,isic2017,unknown,0
0000520_rot270,0000520,rot270,0.6092191571569773,isic2017,unknown,0
0000520_shiftR10blur,0000520,shiftR10blur,0.6092191571569773,isic2017,unknown,0
0001126_hflip,0001126,hflip,0.6015503875968993,isic2017,unknown,0
0001126_vflip,0001126,vflip,0.6015503875968993,isic2017,unknown,0
0001126_rot90,0001126,rot90,0.6015503875968993,isic2017,unknown,0
0001126_rot270,0001126,rot270,0.6015503875968993,isic2017,unknown,0
0001126_shiftR10blur,0001126,shiftR10blur,0.6015503875968993,isic2017,unknown,0
0008406_hflip,0008406,hflip,0.6121465703055661,isic2017,unknown,0
0008406_vflip,0008406,vflip,0.6121465703055661,isic2017,unknown,0
0008406_rot90,0008406,rot90,0.6121465703055661,isic2017,unknown,0
0008406_rot270,0008406,rot270,0.6121465703055661,isic2017,unknown,0
0008406_shiftR10blur,0008406,shiftR10blur,0.6121465703055661,isic2017,unknown,0
0008992_hflip,0008992,hflip,0.6661685966878347,isic2017,unknown,0
0008992_vflip,0008992,vflip,0.6661685966878347,isic2017,unknown,0
0008992_rot90,0008992,rot90,0.6661685966878347,isic2017,unknown,0
0008992_rot270,0008992,rot270,0.6661685966878347,isic2017,unknown,0
0008992_shiftR10blur,0008992,shiftR10blur,0.6661685966878347,isic2017,unknown,0
0009872_hflip,0009872,hflip,0.3090946333469889,isic2017,unknown,0
0009872_vflip,0009872,vflip,0.3090946333469889,isic2017,unknown,0
0009872_rot90,0009872,rot90,0.3090946333469889,isic2017,unknown,0
0009872_rot270,0009872,rot270,0.3090946333469889,isic2017,unknown,0
0009872_shiftR10blur,0009872,shiftR10blur,0.3090946333469889,isic2017,unknown,0
0010024_hflip,0010024,hflip,0.6567804878048781,isic2017,unknown,0
0010024_vflip,0010024,vflip,0.6567804878048781,isic2017,unknown,0
0010024_rot90,0010024,rot90,0.6567804878048781,isic2017,unknown,0
0010024_rot270,0010024,rot270,0.6567804878048781,isic2017,unknown,0
0010024_shiftR10blur,0010024,shiftR10blur,0.6567804878048781,isic2017,unknown,0
0010246_hflip,0010246,hflip,0.5138536802312653,isic2017,unknown,0
0010246_vflip,0010246,vflip,0.5138536802312653,isic2017,unknown,0
0010246_rot90,0010246,rot90,0.5138536802312653,isic2017,unknown,0
0010246_rot270,0010246,rot270,0.5138536802312653,isic2017,unknown,0
0010246_shiftR10blur,0010246,shiftR10blur,0.5138536802312653,isic2017,unknown,0
0010265_hflip,0010265,hflip,0.5989790877655196,isic2017,unknown,0
0010265_vflip,0010265,vflip,0.5989790877655196,isic2017,unknown,0
0010265_rot90,0010265,rot90,0.5989790877655196,isic2017,unknown,0
0010265_rot270,0010265,rot270,0.5989790877655196,isic2017,unknown,0
0010265_shiftR10blur,0010265,shiftR10blur,0.5989790877655196,isic2017,unknown,0
0010379_hflip,0010379,hflip,0.6063725840661567,isic2017,unknown,0
0010379_vflip,0010379,vflip,0.6063725840661567,isic2017,unknown,0
0010379_rot90,0010379,rot90,0.6063725840661567,isic2017,unknown,0
0010379_rot270,0010379,rot270,0.6063725840661567,isic2017,unknown,0
0010379_shiftR10blur,0010379,shiftR10blur,0.6063725840661567,isic2017,unknown,0
0010468_hflip,0010468,hflip,0.653685851547835,isic2017,unknown,0
0010468_vflip,0010468,vflip,0.653685851547835,isic2017,unknown,0
0010468_rot90,0010468,rot90,0.653685851547835,isic2017,unknown,0
0010468_rot270,0010468,rot270,0.653685851547835,isic2017,unknown,0
0010468_shiftR10blur,0010468,shiftR10blur,0.653685851547835,isic2017,unknown,0
0010862_hflip,0010862,hflip,0.57321713514177,isic2017,unknown,0
0010862_vflip,0010862,vflip,0.57321713514177,isic2017,unknown,0
0010862_rot90,0010862,rot90,0.57321713514177,isic2017,unknown,0
0010862_rot270,0010862,rot270,0.57321713514177,isic2017,unknown,0
0010862_shiftR10blur,0010862,shiftR10blur,0.57321713514177,isic2017,unknown,0
0011115_hflip,0011115,hflip,0.6506860638122004,isic2017,unknown,0
0011115_vflip,0011115,vflip,0.6506860638122004,isic2017,unknown,0
0011115_rot90,0011115,rot90,0.6506860638122004,isic2017,unknown,0
0011115_rot270,0011115,rot270,0.6506860638122004,isic2017,unknown,0
0011115_shiftR10blur,0011115,shiftR10blur,0.6506860638122004,isic2017,unknown,0
0011117_hflip,0011117,hflip,0.5121064780708217,isic2017,unknown,0
0011117_vflip,0011117,vflip,0.5121064780708217,isic2017,unknown,0
0011117_rot90,0011117,rot90,0.5121064780708217,isic2017,unknown,0
0011117_rot270,0011117,rot270,0.5121064780708217,isic2017,unknown,0
0011117_shiftR10blur,0011117,shiftR10blur,0.5121064780708217,isic2017,unknown,0
0011143_hflip,0011143,hflip,0.6107931316434996,isic2017,unknown,0
0011143_vflip,0011143,vflip,0.6107931316434996,isic2017,unknown,0
0011143_rot90,0011143,rot90,0.6107931316434996,isic2017,unknown,0
0011143_rot270,0011143,rot270,0.6107931316434996,isic2017,unknown,0
0011143_shiftR10blur,0011143,shiftR10blur,0.6107931316434996,isic2017,unknown,0
0011338_hflip,0011338,hflip,0.3427726600705106,isic2017,unknown,0
0011338_vflip,0011338,vflip,0.3427726600705106,isic2017,unknown,0
0011338_rot90,0011338,rot90,0.3427726600705106,isic2017,unknown,0
0011338_rot270,0011338,rot270,0.3427726600705106,isic2017,unknown,0
0011338_shiftR10blur,0011338,shiftR10blur,0.3427726600705106,isic2017,unknown,0
0011367_hflip,0011367,hflip,0.5600588331426704,isic2017,unknown,0
0011367_vflip,0011367,vflip,0.5600588331426704,isic2017,unknown,0
0011367_rot90,0011367,rot90,0.5600588331426704,isic2017,unknown,0
0011367_rot270,0011367,rot270,0.5600588331426704,isic2017,unknown,0
0011367_shiftR10blur,0011367,shiftR10blur,0.5600588331426704,isic2017,unknown,0
0011393_hflip,0011393,hflip,0.6485682409817776,isic2017,unknown,0
0011393_vflip,0011393,vflip,0.6485682409817776,isic2017,unknown,0
0011393_rot90,0011393,rot90,0.6485682409817776,isic2017,unknown,0
0011393_rot270,0011393,rot270,0.6485682409817776,isic2017,unknown,0
0011393_shiftR10blur,0011393,shiftR10blur,0.6485682409817776,isic2017,unknown,0
0012089_hflip,0012089,hflip,0.4647954329210276,isic2017,unknown,0
0012089_vflip,0012089,vflip,0.4647954329210276,isic2017,unknown,0
0012089_rot90,0012089,rot90,0.4647954329210276,isic2017,unknown,0
0012089_rot270,0012089,rot270,0.4647954329210276,isic2017,unknown,0
0012089_shiftR10blur,0012089,shiftR10blur,0.4647954329210276,isic2017,unknown,0
0012116_hflip,0012116,hflip,0.5913062962133094,isic2017,unknown,0
0012116_vflip,0012116,vflip,0.5913062962133094,isic2017,unknown,0
0012116_rot90,0012116,rot90,0.5913062962133094,isic2017,unknown,0
0012116_rot270,0012116,rot270,0.5913062962133094,isic2017,unknown,0
0012116_shiftR10blur,0012116,shiftR10blur,0.5913062962133094,isic2017,unknown,0
0012179_hflip,0012179,hflip,0.3603603603603603,isic2017,unknown,0
0012179_vflip,0012179,vflip,0.3603603603603603,isic2017,unknown,0
0012179_rot90,0012179,rot90,0.3603603603603603,isic2017,unknown,0
0012179_rot270,0012179,rot270,0.3603603603603603,isic2017,unknown,0
0012179_shiftR10blur,0012179,shiftR10blur,0.3603603603603603,isic2017,unknown,0
0012209_hflip,0012209,hflip,0.455795677799607,isic2017,unknown,0
0012209_vflip,0012209,vflip,0.455795677799607,isic2017,unknown,0
0012209_rot90,0012209,rot90,0.455795677799607,isic2017,unknown,0
0012209_rot270,0012209,rot270,0.455795677799607,isic2017,unknown,0
0012209_shiftR10blur,0012209,shiftR10blur,0.455795677799607,isic2017,unknown,0
0012391_hflip,0012391,hflip,0.5683771815576973,isic2017,unknown,0
0012391_vflip,0012391,vflip,0.5683771815576973,isic2017,unknown,0
0012391_rot90,0012391,rot90,0.5683771815576973,isic2017,unknown,0
0012391_rot270,0012391,rot270,0.5683771815576973,isic2017,unknown,0
0012391_shiftR10blur,0012391,shiftR10blur,0.5683771815576973,isic2017,unknown,0
0012662_hflip,0012662,hflip,0.5192660550458715,isic2017,unknown,0
0012662_vflip,0012662,vflip,0.5192660550458715,isic2017,unknown,0
0012662_rot90,0012662,rot90,0.5192660550458715,isic2017,unknown,0
0012662_rot270,0012662,rot270,0.5192660550458715,isic2017,unknown,0
0012662_shiftR10blur,0012662,shiftR10blur,0.5192660550458715,isic2017,unknown,0
0012666_hflip,0012666,hflip,0.5964912280701754,isic2017,unknown,0
0012666_vflip,0012666,vflip,0.5964912280701754,isic2017,unknown,0
0012666_rot90,0012666,rot90,0.5964912280701754,isic2017,unknown,0
0012666_rot270,0012666,rot270,0.5964912280701754,isic2017,unknown,0
0012666_shiftR10blur,0012666,shiftR10blur,0.5964912280701754,isic2017,unknown,0
0012702_hflip,0012702,hflip,0.6645131518227965,isic2017,unknown,0
0012702_vflip,0012702,vflip,0.6645131518227965,isic2017,unknown,0
0012702_rot90,0012702,rot90,0.6645131518227965,isic2017,unknown,0
0012702_rot270,0012702,rot270,0.6645131518227965,isic2017,unknown,0
0012702_shiftR10blur,0012702,shiftR10blur,0.6645131518227965,isic2017,unknown,0
0012706_hflip,0012706,hflip,0.4464415132627917,isic2017,unknown,0
0012706_vflip,0012706,vflip,0.4464415132627917,isic2017,unknown,0
0012706_rot90,0012706,rot90,0.4464415132627917,isic2017,unknown,0
0012706_rot270,0012706,rot270,0.4464415132627917,isic2017,unknown,0
0012706_shiftR10blur,0012706,shiftR10blur,0.4464415132627917,isic2017,unknown,0
0012742_hflip,0012742,hflip,0.1606532472464868,isic2017,unknown,0
0012742_vflip,0012742,vflip,0.1606532472464868,isic2017,unknown,0
0012742_rot90,0012742,rot90,0.1606532472464868,isic2017,unknown,0
0012742_rot270,0012742,rot270,0.1606532472464868,isic2017,unknown,0
0012742_shiftR10blur,0012742,shiftR10blur,0.1606532472464868,isic2017,unknown,0
0012790_hflip,0012790,hflip,0.5545596579228682,isic2017,unknown,0
0012790_vflip,0012790,vflip,0.5545596579228682,isic2017,unknown,0
0012790_rot90,0012790,rot90,0.5545596579228682,isic2017,unknown,0
0012790_rot270,0012790,rot270,0.5545596579228682,isic2017,unknown,0
0012790_shiftR10blur,0012790,shiftR10blur,0.5545596579228682,isic2017,unknown,0
0012810_hflip,0012810,hflip,0.5349104649252505,isic2017,unknown,0
0012810_vflip,0012810,vflip,0.5349104649252505,isic2017,unknown,0
0012810_rot90,0012810,rot90,0.5349104649252505,isic2017,unknown,0
0012810_rot270,0012810,rot270,0.5349104649252505,isic2017,unknown,0
0012810_shiftR10blur,0012810,shiftR10blur,0.5349104649252505,isic2017,unknown,0
0012856_hflip,0012856,hflip,0.3969754253308128,isic2017,unknown,0
0012856_vflip,0012856,vflip,0.3969754253308128,isic2017,unknown,0
0012856_rot90,0012856,rot90,0.3969754253308128,isic2017,unknown,0
0012856_rot270,0012856,rot270,0.3969754253308128,isic2017,unknown,0
0012856_shiftR10blur,0012856,shiftR10blur,0.3969754253308128,isic2017,unknown,0
0012940_hflip,0012940,hflip,0.5711522520033159,isic2017,unknown,0
0012940_vflip,0012940,vflip,0.5711522520033159,isic2017,unknown,0
0012940_rot90,0012940,rot90,0.5711522520033159,isic2017,unknown,0
0012940_rot270,0012940,rot270,0.5711522520033159,isic2017,unknown,0
0012940_shiftR10blur,0012940,shiftR10blur,0.5711522520033159,isic2017,unknown,0
0012945_hflip,0012945,hflip,0.2651542006380716,isic2017,unknown,0
0012945_vflip,0012945,vflip,0.2651542006380716,isic2017,unknown,0
0012945_rot90,0012945,rot90,0.2651542006380716,isic2017,unknown,0
0012945_rot270,0012945,rot270,0.2651542006380716,isic2017,unknown,0
0012945_shiftR10blur,0012945,shiftR10blur,0.2651542006380716,isic2017,unknown,0
0013000_hflip,0013000,hflip,0.568104038329911,isic2017,unknown,0
0013000_vflip,0013000,vflip,0.568104038329911,isic2017,unknown,0
0013000_rot90,0013000,rot90,0.568104038329911,isic2017,unknown,0
0013000_rot270,0013000,rot270,0.568104038329911,isic2017,unknown,0
0013000_shiftR10blur,0013000,shiftR10blur,0.568104038329911,isic2017,unknown,0
0013001_hflip,0013001,hflip,0.5343065693430656,isic2017,unknown,0
0013001_vflip,0013001,vflip,0.5343065693430656,isic2017,unknown,0
0013001_rot90,0013001,rot90,0.5343065693430656,isic2017,unknown,0
0013001_rot270,0013001,rot270,0.5343065693430656,isic2017,unknown,0
0013001_shiftR10blur,0013001,shiftR10blur,0.5343065693430656,isic2017,unknown,0
0013055_hflip,0013055,hflip,0.6625129802699896,isic2017,unknown,0
0013055_vflip,0013055,vflip,0.6625129802699896,isic2017,unknown,0
0013055_rot90,0013055,rot90,0.6625129802699896,isic2017,unknown,0
0013055_rot270,0013055,rot270,0.6625129802699896,isic2017,unknown,0
0013055_shiftR10blur,0013055,shiftR10blur,0.6625129802699896,isic2017,unknown,0
0013063_hflip,0013063,hflip,0.6072274555169944,isic2017,unknown,0
0013063_vflip,0013063,vflip,0.6072274555169944,isic2017,unknown,0
0013063_rot90,0013063,rot90,0.6072274555169944,isic2017,unknown,0
0013063_rot270,0013063,rot270,0.6072274555169944,isic2017,unknown,0
0013063_shiftR10blur,0013063,shiftR10blur,0.6072274555169944,isic2017,unknown,0
0013134_hflip,0013134,hflip,0.1884510339445961,isic2017,unknown,0
0013134_vflip,0013134,vflip,0.1884510339445961,isic2017,unknown,0
0013134_rot90,0013134,rot90,0.1884510339445961,isic2017,unknown,0
0013134_rot270,0013134,rot270,0.1884510339445961,isic2017,unknown,0
0013134_shiftR10blur,0013134,shiftR10blur,0.1884510339445961,isic2017,unknown,0
0013189_hflip,0013189,hflip,0.5686952271219581,isic2017,unknown,0
0013189_vflip,0013189,vflip,0.5686952271219581,isic2017,unknown,0
0013189_rot90,0013189,rot90,0.5686952271219581,isic2017,unknown,0
0013189_rot270,0013189,rot270,0.5686952271219581,isic2017,unknown,0
0013189_shiftR10blur,0013189,shiftR10blur,0.5686952271219581,isic2017,unknown,0
0013196_hflip,0013196,hflip,0.6678571428571428,isic2017,unknown,0
0013196_vflip,0013196,vflip,0.6678571428571428,isic2017,unknown,0
0013196_rot90,0013196,rot90,0.6678571428571428,isic2017,unknown,0
0013196_rot270,0013196,rot270,0.6678571428571428,isic2017,unknown,0
0013196_shiftR10blur,0013196,shiftR10blur,0.6678571428571428,isic2017,unknown,0
0013198_hflip,0013198,hflip,0.4694114236010437,isic2017,unknown,0
0013198_vflip,0013198,vflip,0.4694114236010437,isic2017,unknown,0
0013198_rot90,0013198,rot90,0.4694114236010437,isic2017,unknown,0
0013198_rot270,0013198,rot270,0.4694114236010437,isic2017,unknown,0
0013198_shiftR10blur,0013198,shiftR10blur,0.4694114236010437,isic2017,unknown,0
0013201_hflip,0013201,hflip,0.5759019741320627,isic2017,unknown,0
0013201_vflip,0013201,vflip,0.5759019741320627,isic2017,unknown,0
0013201_rot90,0013201,rot90,0.5759019741320627,isic2017,unknown,0
0013201_rot270,0013201,rot270,0.5759019741320627,isic2017,unknown,0
0013201_shiftR10blur,0013201,shiftR10blur,0.5759019741320627,isic2017,unknown,0
0013208_hflip,0013208,hflip,0.576852418860992,isic2017,unknown,0
0013208_vflip,0013208,vflip,0.576852418860992,isic2017,unknown,0
0013208_rot90,0013208,rot90,0.576852418860992,isic2017,unknown,0
0013208_rot270,0013208,rot270,0.576852418860992,isic2017,unknown,0
0013208_shiftR10blur,0013208,shiftR10blur,0.576852418860992,isic2017,unknown,0
0013212_hflip,0013212,hflip,0.5359389038634321,isic2017,unknown,0
0013212_vflip,0013212,vflip,0.5359389038634321,isic2017,unknown,0
0013212_rot90,0013212,rot90,0.5359389038634321,isic2017,unknown,0
0013212_rot270,0013212,rot270,0.5359389038634321,isic2017,unknown,0
0013212_shiftR10blur,0013212,shiftR10blur,0.5359389038634321,isic2017,unknown,0
0013227_hflip,0013227,hflip,0.6916629907366564,isic2017,unknown,0
0013227_vflip,0013227,vflip,0.6916629907366564,isic2017,unknown,0
0013227_rot90,0013227,rot90,0.6916629907366564,isic2017,unknown,0
0013227_rot270,0013227,rot270,0.6916629907366564,isic2017,unknown,0
0013227_shiftR10blur,0013227,shiftR10blur,0.6916629907366564,isic2017,unknown,0
0013233_hflip,0013233,hflip,0.6848989298454221,isic2017,unknown,0
0013233_vflip,0013233,vflip,0.6848989298454221,isic2017,unknown,0
0013233_rot90,0013233,rot90,0.6848989298454221,isic2017,unknown,0
0013233_rot270,0013233,rot270,0.6848989298454221,isic2017,unknown,0
0013233_shiftR10blur,0013233,shiftR10blur,0.6848989298454221,isic2017,unknown,0
0013306_hflip,0013306,hflip,0.3622283865002311,isic2017,unknown,0
0013306_vflip,0013306,vflip,0.3622283865002311,isic2017,unknown,0
0013306_rot90,0013306,rot90,0.3622283865002311,isic2017,unknown,0
0013306_rot270,0013306,rot270,0.3622283865002311,isic2017,unknown,0
0013306_shiftR10blur,0013306,shiftR10blur,0.3622283865002311,isic2017,unknown,0
0013360_hflip,0013360,hflip,0.147150599441616,isic2017,unknown,0
0013360_vflip,0013360,vflip,0.147150599441616,isic2017,unknown,0
0013360_rot90,0013360,rot90,0.147150599441616,isic2017,unknown,0
0013360_rot270,0013360,rot270,0.147150599441616,isic2017,unknown,0
0013360_shiftR10blur,0013360,shiftR10blur,0.147150599441616,isic2017,unknown,0
0013409_hflip,0013409,hflip,0.6584965255843336,isic2017,unknown,0
0013409_vflip,0013409,vflip,0.6584965255843336,isic2017,unknown,0
0013409_rot90,0013409,rot90,0.6584965255843336,isic2017,unknown,0
0013409_rot270,0013409,rot270,0.6584965255843336,isic2017,unknown,0
0013409_shiftR10blur,0013409,shiftR10blur,0.6584965255843336,isic2017,unknown,0
0013567_hflip,0013567,hflip,0.0410572235052604,isic2017,unknown,0
0013567_vflip,0013567,vflip,0.0410572235052604,isic2017,unknown,0
0013567_rot90,0013567,rot90,0.0410572235052604,isic2017,unknown,0
0013567_rot270,0013567,rot270,0.0410572235052604,isic2017,unknown,0
0013567_shiftR10blur,0013567,shiftR10blur,0.0410572235052604,isic2017,unknown,0
0013573_hflip,0013573,hflip,0.596757591353577,isic2017,unknown,0
0013573_vflip,0013573,vflip,0.596757591353577,isic2017,unknown,0
0013573_rot90,0013573,rot90,0.596757591353577,isic2017,unknown,0
0013573_rot270,0013573,rot270,0.596757591353577,isic2017,unknown,0
0013573_shiftR10blur,0013573,shiftR10blur,0.596757591353577,isic2017,unknown,0
0013596_hflip,0013596,hflip,0.4298795180722891,isic2017,unknown,0
0013596_vflip,0013596,vflip,0.4298795180722891,isic2017,unknown,0
0013596_rot90,0013596,rot90,0.4298795180722891,isic2017,unknown,0
0013596_rot270,0013596,rot270,0.4298795180722891,isic2017,unknown,0
0013596_shiftR10blur,0013596,shiftR10blur,0.4298795180722891,isic2017,unknown,0
0013652_hflip,0013652,hflip,0.6197183098591549,isic2017,unknown,0
0013652_vflip,0013652,vflip,0.6197183098591549,isic2017,unknown,0
0013652_rot90,0013652,rot90,0.6197183098591549,isic2017,unknown,0
0013652_rot270,0013652,rot270,0.6197183098591549,isic2017,unknown,0
0013652_shiftR10blur,0013652,shiftR10blur,0.6197183098591549,isic2017,unknown,0
0013684_hflip,0013684,hflip,0.5146691808551939,isic2017,unknown,0
0013684_vflip,0013684,vflip,0.5146691808551939,isic2017,unknown,0
0013684_rot90,0013684,rot90,0.5146691808551939,isic2017,unknown,0
0013684_rot270,0013684,rot270,0.5146691808551939,isic2017,unknown,0
0013684_shiftR10blur,0013684,shiftR10blur,0.5146691808551939,isic2017,unknown,0
0013740_hflip,0013740,hflip,0.6593789300570765,isic2017,unknown,0
0013740_vflip,0013740,vflip,0.6593789300570765,isic2017,unknown,0
0013740_rot90,0013740,rot90,0.6593789300570765,isic2017,unknown,0
0013740_rot270,0013740,rot270,0.6593789300570765,isic2017,unknown,0
0013740_shiftR10blur,0013740,shiftR10blur,0.6593789300570765,isic2017,unknown,0
0013762_hflip,0013762,hflip,0.6611500701262272,isic2017,unknown,0
0013762_vflip,0013762,vflip,0.6611500701262272,isic2017,unknown,0
0013762_rot90,0013762,rot90,0.6611500701262272,isic2017,unknown,0
0013762_rot270,0013762,rot270,0.6611500701262272,isic2017,unknown,0
0013762_shiftR10blur,0013762,shiftR10blur,0.6611500701262272,isic2017,unknown,0
0013798_hflip,0013798,hflip,0.6853333333333333,isic2017,unknown,0
0013798_vflip,0013798,vflip,0.6853333333333333,isic2017,unknown,0
0013798_rot90,0013798,rot90,0.6853333333333333,isic2017,unknown,0
0013798_rot270,0013798,rot270,0.6853333333333333,isic2017,unknown,0
0013798_shiftR10blur,0013798,shiftR10blur,0.6853333333333333,isic2017,unknown,0
0013807_hflip,0013807,hflip,0.5063437139561707,isic2017,unknown,0
0013807_vflip,0013807,vflip,0.5063437139561707,isic2017,unknown,0
0013807_rot90,0013807,rot90,0.5063437139561707,isic2017,unknown,0
0013807_rot270,0013807,rot270,0.5063437139561707,isic2017,unknown,0
0013807_shiftR10blur,0013807,shiftR10blur,0.5063437139561707,isic2017,unknown,0
0013835_hflip,0013835,hflip,0.5479113694151835,isic2017,unknown,0
0013835_vflip,0013835,vflip,0.5479113694151835,isic2017,unknown,0
0013835_rot90,0013835,rot90,0.5479113694151835,isic2017,unknown,0
0013835_rot270,0013835,rot270,0.5479113694151835,isic2017,unknown,0
0013835_shiftR10blur,0013835,shiftR10blur,0.5479113694151835,isic2017,unknown,0
0013958_hflip,0013958,hflip,0.5781828842514858,isic2017,unknown,0
0013958_vflip,0013958,vflip,0.5781828842514858,isic2017,unknown,0
0013958_rot90,0013958,rot90,0.5781828842514858,isic2017,unknown,0
0013958_rot270,0013958,rot270,0.5781828842514858,isic2017,unknown,0
0013958_shiftR10blur,0013958,shiftR10blur,0.5781828842514858,isic2017,unknown,0
0013972_hflip,0013972,hflip,0.677369146618046,isic2017,unknown,0
0013972_vflip,0013972,vflip,0.677369146618046,isic2017,unknown,0
0013972_rot90,0013972,rot90,0.677369146618046,isic2017,unknown,0
0013972_rot270,0013972,rot270,0.677369146618046,isic2017,unknown,0
0013972_shiftR10blur,0013972,shiftR10blur,0.677369146618046,isic2017,unknown,0
0013981_hflip,0013981,hflip,0.5943675120585032,isic2017,unknown,0
0013981_vflip,0013981,vflip,0.5943675120585032,isic2017,unknown,0
0013981_rot90,0013981,rot90,0.5943675120585032,isic2017,unknown,0
0013981_rot270,0013981,rot270,0.5943675120585032,isic2017,unknown,0
0013981_shiftR10blur,0013981,shiftR10blur,0.5943675120585032,isic2017,unknown,0
0013982_hflip,0013982,hflip,0.3922874399876103,isic2017,unknown,0
0013982_vflip,0013982,vflip,0.3922874399876103,isic2017,unknown,0
0013982_rot90,0013982,rot90,0.3922874399876103,isic2017,unknown,0
0013982_rot270,0013982,rot270,0.3922874399876103,isic2017,unknown,0
0013982_shiftR10blur,0013982,shiftR10blur,0.3922874399876103,isic2017,unknown,0
0014032_hflip,0014032,hflip,0.6539465101108937,isic2017,unknown,0
0014032_vflip,0014032,vflip,0.6539465101108937,isic2017,unknown,0
0014032_rot90,0014032,rot90,0.6539465101108937,isic2017,unknown,0
0014032_rot270,0014032,rot270,0.6539465101108937,isic2017,unknown,0
0014032_shiftR10blur,0014032,shiftR10blur,0.6539465101108937,isic2017,unknown,0
0014045_hflip,0014045,hflip,0.3069292696952271,isic2017,unknown,0
0014045_vflip,0014045,vflip,0.3069292696952271,isic2017,unknown,0
0014045_rot90,0014045,rot90,0.3069292696952271,isic2017,unknown,0
0014045_rot270,0014045,rot270,0.3069292696952271,isic2017,unknown,0
0014045_shiftR10blur,0014045,shiftR10blur,0.3069292696952271,isic2017,unknown,0
0014046_hflip,0014046,hflip,0.6913961875321999,isic2017,unknown,0
0014046_vflip,0014046,vflip,0.6913961875321999,isic2017,unknown,0
0014046_rot90,0014046,rot90,0.6913961875321999,isic2017,unknown,0
0014046_rot270,0014046,rot270,0.6913961875321999,isic2017,unknown,0
0014046_shiftR10blur,0014046,shiftR10blur,0.6913961875321999,isic2017,unknown,0
0014061_hflip,0014061,hflip,0.6803093396787626,isic2017,unknown,0
0014061_vflip,0014061,vflip,0.6803093396787626,isic2017,unknown,0
0014061_rot90,0014061,rot90,0.6803093396787626,isic2017,unknown,0
0014061_rot270,0014061,rot270,0.6803093396787626,isic2017,unknown,0
0014061_shiftR10blur,0014061,shiftR10blur,0.6803093396787626,isic2017,unknown,0
0014069_hflip,0014069,hflip,0.6530218602657523,isic2017,unknown,0
0014069_vflip,0014069,vflip,0.6530218602657523,isic2017,unknown,0
0014069_rot90,0014069,rot90,0.6530218602657523,isic2017,unknown,0
0014069_rot270,0014069,rot270,0.6530218602657523,isic2017,unknown,0
0014069_shiftR10blur,0014069,shiftR10blur,0.6530218602657523,isic2017,unknown,0
0014074_hflip,0014074,hflip,0.6517857142857143,isic2017,unknown,0
0014074_vflip,0014074,vflip,0.6517857142857143,isic2017,unknown,0
0014074_rot90,0014074,rot90,0.6517857142857143,isic2017,unknown,0
0014074_rot270,0014074,rot270,0.6517857142857143,isic2017,unknown,0
0014074_shiftR10blur,0014074,shiftR10blur,0.6517857142857143,isic2017,unknown,0
0014080_hflip,0014080,hflip,0.551553852703278,isic2017,unknown,0
0014080_vflip,0014080,vflip,0.551553852703278,isic2017,unknown,0
0014080_rot90,0014080,rot90,0.551553852703278,isic2017,unknown,0
0014080_rot270,0014080,rot270,0.551553852703278,isic2017,unknown,0
0014080_shiftR10blur,0014080,shiftR10blur,0.551553852703278,isic2017,unknown,0
0014114_hflip,0014114,hflip,0.6644308216730351,isic2017,unknown,0
0014114_vflip,0014114,vflip,0.6644308216730351,isic2017,unknown,0
0014114_rot90,0014114,rot90,0.6644308216730351,isic2017,unknown,0
0014114_rot270,0014114,rot270,0.6644308216730351,isic2017,unknown,0
0014114_shiftR10blur,0014114,shiftR10blur,0.6644308216730351,isic2017,unknown,0
0014183_hflip,0014183,hflip,0.6851393837769859,isic2017,unknown,0
0014183_vflip,0014183,vflip,0.6851393837769859,isic2017,unknown,0
0014183_rot90,0014183,rot90,0.6851393837769859,isic2017,unknown,0
0014183_rot270,0014183,rot270,0.6851393837769859,isic2017,unknown,0
0014183_shiftR10blur,0014183,shiftR10blur,0.6851393837769859,isic2017,unknown,0
0014187_hflip,0014187,hflip,0.5377456049638056,isic2017,unknown,0
0014187_vflip,0014187,vflip,0.5377456049638056,isic2017,unknown,0
0014187_rot90,0014187,rot90,0.5377456049638056,isic2017,unknown,0
0014187_rot270,0014187,rot270,0.5377456049638056,isic2017,unknown,0
0014187_shiftR10blur,0014187,shiftR10blur,0.5377456049638056,isic2017,unknown,0
0014248_hflip,0014248,hflip,0.4847788627225732,isic2017,unknown,0
0014248_vflip,0014248,vflip,0.4847788627225732,isic2017,unknown,0
0014248_rot90,0014248,rot90,0.4847788627225732,isic2017,unknown,0
0014248_rot270,0014248,rot270,0.4847788627225732,isic2017,unknown,0
0014248_shiftR10blur,0014248,shiftR10blur,0.4847788627225732,isic2017,unknown,0
0014299_hflip,0014299,hflip,0.4717789022966134,isic2017,unknown,0
0014299_vflip,0014299,vflip,0.4717789022966134,isic2017,unknown,0
0014299_rot90,0014299,rot90,0.4717789022966134,isic2017,unknown,0
0014299_rot270,0014299,rot270,0.4717789022966134,isic2017,unknown,0
0014299_shiftR10blur,0014299,shiftR10blur,0.4717789022966134,isic2017,unknown,0
0014393_hflip,0014393,hflip,0.6447140381282496,isic2017,unknown,0
0014393_vflip,0014393,vflip,0.6447140381282496,isic2017,unknown,0
0014393_rot90,0014393,rot90,0.6447140381282496,isic2017,unknown,0
0014393_rot270,0014393,rot270,0.6447140381282496,isic2017,unknown,0
0014393_shiftR10blur,0014393,shiftR10blur,0.6447140381282496,isic2017,unknown,0
0014476_hflip,0014476,hflip,0.6981348637015782,isic2017,unknown,0
0014476_vflip,0014476,vflip,0.6981348637015782,isic2017,unknown,0
0014476_rot90,0014476,rot90,0.6981348637015782,isic2017,unknown,0
0014476_rot270,0014476,rot270,0.6981348637015782,isic2017,unknown,0
0014476_shiftR10blur,0014476,shiftR10blur,0.6981348637015782,isic2017,unknown,0
0014525_hflip,0014525,hflip,0.5657939476368582,isic2017,unknown,0
0014525_vflip,0014525,vflip,0.5657939476368582,isic2017,unknown,0
0014525_rot90,0014525,rot90,0.5657939476368582,isic2017,unknown,0
0014525_rot270,0014525,rot270,0.5657939476368582,isic2017,unknown,0
0014525_shiftR10blur,0014525,shiftR10blur,0.5657939476368582,isic2017,unknown,0
0014547_hflip,0014547,hflip,0.1599724185485261,isic2017,unknown,0
0014547_vflip,0014547,vflip,0.1599724185485261,isic2017,unknown,0
0014547_rot90,0014547,rot90,0.1599724185485261,isic2017,unknown,0
0014547_rot270,0014547,rot270,0.1599724185485261,isic2017,unknown,0
0014547_shiftR10blur,0014547,shiftR10blur,0.1599724185485261,isic2017,unknown,0
0014596_hflip,0014596,hflip,0.6912442396313364,isic2017,unknown,0
0014596_vflip,0014596,vflip,0.6912442396313364,isic2017,unknown,0
0014596_rot90,0014596,rot90,0.6912442396313364,isic2017,unknown,0
0014596_rot270,0014596,rot270,0.6912442396313364,isic2017,unknown,0
0014596_shiftR10blur,0014596,shiftR10blur,0.6912442396313364,isic2017,unknown,0
0014612_hflip,0014612,hflip,0.6888522026240333,isic2017,unknown,0
0014612_vflip,0014612,vflip,0.6888522026240333,isic2017,unknown,0
0014612_rot90,0014612,rot90,0.6888522026240333,isic2017,unknown,0
0014612_rot270,0014612,rot270,0.6888522026240333,isic2017,unknown,0
0014612_shiftR10blur,0014612,shiftR10blur,0.6888522026240333,isic2017,unknown,0
0014613_hflip,0014613,hflip,0.6532624205474121,isic2017,unknown,0
0014613_vflip,0014613,vflip,0.6532624205474121,isic2017,unknown,0
0014613_rot90,0014613,rot90,0.6532624205474121,isic2017,unknown,0
0014613_rot270,0014613,rot270,0.6532624205474121,isic2017,unknown,0
0014613_shiftR10blur,0014613,shiftR10blur,0.6532624205474121,isic2017,unknown,0
0014632_hflip,0014632,hflip,0.5778611632270169,isic2017,unknown,0
0014632_vflip,0014632,vflip,0.5778611632270169,isic2017,unknown,0
0014632_rot90,0014632,rot90,0.5778611632270169,isic2017,unknown,0
0014632_rot270,0014632,rot270,0.5778611632270169,isic2017,unknown,0
0014632_shiftR10blur,0014632,shiftR10blur,0.5778611632270169,isic2017,unknown,0
0014641_hflip,0014641,hflip,0.6930091185410334,isic2017,unknown,0
0014641_vflip,0014641,vflip,0.6930091185410334,isic2017,unknown,0
0014641_rot90,0014641,rot90,0.6930091185410334,isic2017,unknown,0
0014641_rot270,0014641,rot270,0.6930091185410334,isic2017,unknown,0
0014641_shiftR10blur,0014641,shiftR10blur,0.6930091185410334,isic2017,unknown,0
0014684_hflip,0014684,hflip,0.602730087250211,isic2017,unknown,0
0014684_vflip,0014684,vflip,0.602730087250211,isic2017,unknown,0
0014684_rot90,0014684,rot90,0.602730087250211,isic2017,unknown,0
0014684_rot270,0014684,rot270,0.602730087250211,isic2017,unknown,0
0014684_shiftR10blur,0014684,shiftR10blur,0.602730087250211,isic2017,unknown,0
0014716_hflip,0014716,hflip,0.6839948202437689,isic2017,unknown,0
0014716_vflip,0014716,vflip,0.6839948202437689,isic2017,unknown,0
0014716_rot90,0014716,rot90,0.6839948202437689,isic2017,unknown,0
0014716_rot270,0014716,rot270,0.6839948202437689,isic2017,unknown,0
0014716_shiftR10blur,0014716,shiftR10blur,0.6839948202437689,isic2017,unknown,0
0015005_hflip,0015005,hflip,0.5042364400560411,isic2017,unknown,0
0015005_vflip,0015005,vflip,0.5042364400560411,isic2017,unknown,0
0015005_rot90,0015005,rot90,0.5042364400560411,isic2017,unknown,0
0015005_rot270,0015005,rot270,0.5042364400560411,isic2017,unknown,0
0015005_shiftR10blur,0015005,shiftR10blur,0.5042364400560411,isic2017,unknown,0
